{"RidgeCount":0,"PatternType":4,"FingerprintSpriteName":"00001012_roll_1000_04","CoreCoordinates":[{"x":-3.656726121902466,"y":97.42311096191406}],"DeltaCoordinates":[{"x":-162.06869506835938,"y":-65.58261108398438},{"x":120.68135070800781,"y":-67.14556121826172}],"MinutiaeCoordinates":[],"CanUseForCore":true,"CanUseForDelta":true,"DetailsScale":0.24591179192066194,"FingerprintImage":{"instanceID":0}}