{"RidgeCount":0,"PatternType":1,"FingerprintSpriteName":"00001001_roll_1000_08","CoreCoordinates":[{"x":-104.11494445800781,"y":-43.06341552734375}],"DeltaCoordinates":[{"x":8.567492485046387,"y":-95.6319351196289}],"MinutiaeCoordinates":[],"CanUseForCore":true,"CanUseForDelta":true,"DetailsScale":0.23300039768218995,"FingerprintImage":{"instanceID":0}}