{"RidgeCount":0,"PatternType":1,"FingerprintSpriteName":"00001009_roll_1000_10","CoreCoordinates":[{"x":-125.1479721069336,"y":-22.242101669311525}],"DeltaCoordinates":[{"x":-41.9567985534668,"y":-117.54145812988281}],"MinutiaeCoordinates":[],"CanUseForCore":true,"CanUseForDelta":true,"DetailsScale":0.25236761569976809,"FingerprintImage":{"instanceID":0}}