{"RidgeCount":0,"PatternType":8,"FingerprintSpriteName":"00001382_roll_1000_07","CoreCoordinates":[{"x":146.95806884765626,"y":87.0228500366211}],"DeltaCoordinates":[{"x":228.48472595214845,"y":-18.321935653686525},{"x":118.33357238769531,"y":35.19677734375}],"MinutiaeCoordinates":[],"CanUseForCore":true,"CanUseForDelta":true,"DetailsScale":0.25236761569976809,"FingerprintImage":{"instanceID":0}}