{"RidgeCount":0,"PatternType":1,"FingerprintSpriteName":"00001009_roll_1000_06","CoreCoordinates":[{"x":100.21730041503906,"y":21.04815673828125}],"DeltaCoordinates":[{"x":226.31517028808595,"y":-110.77214050292969}],"MinutiaeCoordinates":[],"CanUseForCore":true,"CanUseForDelta":true,"DetailsScale":0.23027028143405915,"FingerprintImage":{"instanceID":0}}