{"RidgeCount":0,"PatternType":2,"FingerprintSpriteName":"00001026_roll_1000_03","CoreCoordinates":[{"x":29.590852737426759,"y":152.41932678222657}],"DeltaCoordinates":[{"x":-46.791908264160159,"y":91.64710235595703}],"MinutiaeCoordinates":[],"CanUseForCore":true,"CanUseForDelta":true,"DetailsScale":0.2394562065601349,"FingerprintImage":{"instanceID":0}}