{"RidgeCount":0,"PatternType":4,"FingerprintSpriteName":"00001438_roll_1000_08","CoreCoordinates":[{"x":29.70557975769043,"y":-12.84049129486084}],"DeltaCoordinates":[{"x":-103.47420501708985,"y":-142.74754333496095},{"x":153.05679321289063,"y":-136.1831512451172}],"MinutiaeCoordinates":[],"CanUseForCore":true,"CanUseForDelta":true,"DetailsScale":0.3492026627063751,"FingerprintImage":{"instanceID":0}}