{"RidgeCount":0,"PatternType":4,"FingerprintSpriteName":"00001445_roll_1000_05","CoreCoordinates":[{"x":-113.7706069946289,"y":37.80402755737305}],"DeltaCoordinates":[{"x":-220.2805633544922,"y":-47.583412170410159},{"x":-46.27836990356445,"y":-55.39817428588867}],"MinutiaeCoordinates":[],"CanUseForCore":true,"CanUseForDelta":true,"DetailsScale":0.24929726123809815,"FingerprintImage":{"instanceID":0}}