{"RidgeCount":0,"PatternType":2,"FingerprintSpriteName":"00001027_roll_1000_03","CoreCoordinates":[{"x":13.803780555725098,"y":34.178340911865237}],"DeltaCoordinates":[{"x":-85.69300079345703,"y":-23.295724868774415}],"MinutiaeCoordinates":[],"CanUseForCore":true,"CanUseForDelta":true,"DetailsScale":0.23300039768218995,"FingerprintImage":{"instanceID":0}}