{"RidgeCount":0,"PatternType":1,"FingerprintSpriteName":"00001444_roll_1000_07","CoreCoordinates":[{"x":109.0949935913086,"y":71.89937591552735}],"DeltaCoordinates":[{"x":242.27195739746095,"y":-67.64234924316406}],"MinutiaeCoordinates":[],"CanUseForCore":true,"CanUseForDelta":true,"DetailsScale":0.2394562065601349,"FingerprintImage":{"instanceID":0}}