{"RidgeCount":0,"PatternType":2,"FingerprintSpriteName":"00001000_roll_1000_02","CoreCoordinates":[{"x":-9.566555976867676,"y":85.92935180664063}],"DeltaCoordinates":[{"x":-131.61192321777345,"y":-48.07484817504883}],"MinutiaeCoordinates":[],"CanUseForCore":true,"CanUseForDelta":true,"DetailsScale":0.2846459746360779,"FingerprintImage":{"instanceID":0}}