{"RidgeCount":0,"PatternType":2,"FingerprintSpriteName":"00001378_roll_1000_05","CoreCoordinates":[{"x":-71.74458312988281,"y":11.55033016204834}],"DeltaCoordinates":[{"x":-178.95274353027345,"y":-108.29080963134766}],"MinutiaeCoordinates":[],"CanUseForCore":false,"CanUseForDelta":true,"DetailsScale":0.3040129244327545,"FingerprintImage":{"instanceID":0}}