{"RidgeCount":0,"PatternType":4,"FingerprintSpriteName":"00001016_roll_1000_08","CoreCoordinates":[],"DeltaCoordinates":[{"x":158.27670288085938,"y":-81.8522720336914},{"x":-51.43403625488281,"y":-61.4987678527832}],"MinutiaeCoordinates":[],"CanUseForCore":false,"CanUseForDelta":true,"DetailsScale":0.2846459746360779,"FingerprintImage":{"instanceID":0}}