{"RidgeCount":0,"PatternType":2,"FingerprintSpriteName":"00001027_roll_1000_10","CoreCoordinates":[{"x":-81.15731048583985,"y":122.79730224609375}],"DeltaCoordinates":[{"x":15.775458335876465,"y":74.77071380615235}],"MinutiaeCoordinates":[],"CanUseForCore":true,"CanUseForDelta":true,"DetailsScale":0.2265448272228241,"FingerprintImage":{"instanceID":0}}