{"RidgeCount":0,"PatternType":16,"FingerprintSpriteName":"00001003_roll_1000_03","CoreCoordinates":[{"x":58.685787200927737,"y":-47.427825927734378},{"x":54.03301239013672,"y":82.91014862060547}],"DeltaCoordinates":[{"x":-70.2856216430664,"y":-52.766334533691409},{"x":171.7584228515625,"y":-46.5145263671875}],"MinutiaeCoordinates":[],"CanUseForCore":true,"CanUseForDelta":true,"DetailsScale":0.29565274715423586,"FingerprintImage":{"instanceID":0}}