{"RidgeCount":0,"PatternType":4,"FingerprintSpriteName":"00001000_roll_1000_04","CoreCoordinates":[{"x":67.75636291503906,"y":57.63233947753906}],"DeltaCoordinates":[{"x":-52.12833023071289,"y":-89.80178833007813},{"x":172.34286499023438,"y":-109.36756896972656}],"MinutiaeCoordinates":[],"CanUseForCore":true,"CanUseForDelta":true,"DetailsScale":0.3040129244327545,"FingerprintImage":{"instanceID":0}}