{"RidgeCount":0,"PatternType":1,"FingerprintSpriteName":"00001018_roll_1000_10","CoreCoordinates":[{"x":-45.31453323364258,"y":-0.2891027629375458}],"DeltaCoordinates":[{"x":54.23200607299805,"y":-88.6728515625}],"MinutiaeCoordinates":[],"CanUseForCore":true,"CanUseForDelta":true,"DetailsScale":0.23094965517520905,"FingerprintImage":{"instanceID":0}}