{"RidgeCount":0,"PatternType":2,"FingerprintSpriteName":"00001012_roll_1000_03","CoreCoordinates":[{"x":-71.34510803222656,"y":98.94500732421875}],"DeltaCoordinates":[{"x":-195.17999267578126,"y":-83.19925689697266}],"MinutiaeCoordinates":[],"CanUseForCore":true,"CanUseForDelta":true,"DetailsScale":0.24591179192066194,"FingerprintImage":{"instanceID":0}}