{"RidgeCount":0,"PatternType":4,"FingerprintSpriteName":"00001433_roll_1000_04","CoreCoordinates":[{"x":16.19732666015625,"y":-4.762719631195068}],"DeltaCoordinates":[{"x":-169.75914001464845,"y":-138.71949768066407},{"x":114.55655670166016,"y":-85.14306640625}],"MinutiaeCoordinates":[],"CanUseForCore":true,"CanUseForDelta":true,"DetailsScale":0.2846459746360779,"FingerprintImage":{"instanceID":0}}