{"RidgeCount":0,"PatternType":2,"FingerprintSpriteName":"00001444_roll_1000_03","CoreCoordinates":[{"x":-18.051965713500978,"y":1.806640625}],"DeltaCoordinates":[{"x":-127.16466522216797,"y":-141.2430877685547}],"MinutiaeCoordinates":[],"CanUseForCore":true,"CanUseForDelta":true,"DetailsScale":0.25236761569976809,"FingerprintImage":{"instanceID":0}}