{"RidgeCount":0,"PatternType":1,"FingerprintSpriteName":"00001025_roll_1000_06","CoreCoordinates":[{"x":-64.52912902832031,"y":-34.380794525146487}],"DeltaCoordinates":[{"x":90.1320571899414,"y":-147.30543518066407}],"MinutiaeCoordinates":[],"CanUseForCore":true,"CanUseForDelta":true,"DetailsScale":0.22857153415679933,"FingerprintImage":{"instanceID":0}}