{"RidgeCount":0,"PatternType":4,"FingerprintSpriteName":"00001433_roll_1000_05","CoreCoordinates":[{"x":8.569689750671387,"y":-76.3134994506836}],"DeltaCoordinates":[{"x":-81.51436614990235,"y":-223.5067138671875},{"x":144.0896453857422,"y":-158.4329376220703}],"MinutiaeCoordinates":[],"CanUseForCore":true,"CanUseForDelta":true,"DetailsScale":0.26527872681617739,"FingerprintImage":{"instanceID":0}}