{"RidgeCount":0,"PatternType":1,"FingerprintSpriteName":"00001012_roll_1000_07","CoreCoordinates":[{"x":47.2703857421875,"y":132.8269500732422}],"DeltaCoordinates":[{"x":155.99461364746095,"y":-54.88444900512695}],"MinutiaeCoordinates":[],"CanUseForCore":true,"CanUseForDelta":true,"DetailsScale":0.24591179192066194,"FingerprintImage":{"instanceID":0}}