{"RidgeCount":0,"PatternType":2,"FingerprintSpriteName":"00001000_roll_1000_03","CoreCoordinates":[{"x":29.61285972595215,"y":69.95829010009766}],"DeltaCoordinates":[{"x":-115.30355072021485,"y":-81.13964080810547}],"MinutiaeCoordinates":[],"CanUseForCore":true,"CanUseForDelta":true,"DetailsScale":0.2394562065601349,"FingerprintImage":{"instanceID":0}}