{"RidgeCount":0,"PatternType":4,"FingerprintSpriteName":"00001417_roll_1000_08","CoreCoordinates":[{"x":49.0697135925293,"y":103.57445526123047}],"DeltaCoordinates":[{"x":-68.53271484375,"y":12.719879150390625},{"x":130.1831817626953,"y":2.4043946266174318}],"MinutiaeCoordinates":[],"CanUseForCore":true,"CanUseForDelta":true,"DetailsScale":0.26527872681617739,"FingerprintImage":{"instanceID":0}}