{"RidgeCount":0,"PatternType":4,"FingerprintSpriteName":"00001000_roll_1000_01","CoreCoordinates":[{"x":31.375797271728517,"y":6.467037677764893}],"DeltaCoordinates":[{"x":-113.08861541748047,"y":-133.1679229736328},{"x":194.35809326171876,"y":-98.05367279052735}],"MinutiaeCoordinates":[],"CanUseForCore":true,"CanUseForDelta":true,"DetailsScale":0.19426646828651429,"FingerprintImage":{"instanceID":0}}