{"RidgeCount":0,"PatternType":4,"FingerprintSpriteName":"00001016_roll_1000_04","CoreCoordinates":[{"x":-35.64541244506836,"y":1.5815571546554566}],"DeltaCoordinates":[{"x":73.18621826171875,"y":-128.99591064453126}],"MinutiaeCoordinates":[],"CanUseForCore":true,"CanUseForDelta":false,"DetailsScale":0.26866447925567629,"FingerprintImage":{"instanceID":0}}