{"RidgeCount":0,"PatternType":8,"FingerprintSpriteName":"00001016_roll_1000_03","CoreCoordinates":[{"x":-47.78553009033203,"y":-34.86601638793945}],"DeltaCoordinates":[{"x":-159.7115478515625,"y":-179.81295776367188},{"x":1.1316226720809937,"y":-101.65424346923828}],"MinutiaeCoordinates":[],"CanUseForCore":true,"CanUseForDelta":true,"DetailsScale":0.2717345654964447,"FingerprintImage":{"instanceID":0}}