{"RidgeCount":0,"PatternType":4,"FingerprintSpriteName":"00001445_roll_1000_02","CoreCoordinates":[{"x":-84.9950942993164,"y":107.2141342163086}],"DeltaCoordinates":[{"x":-186.98800659179688,"y":-16.6209716796875},{"x":14.26434326171875,"y":-32.25048828125}],"MinutiaeCoordinates":[],"CanUseForCore":true,"CanUseForDelta":true,"DetailsScale":0.22008925676345826,"FingerprintImage":{"instanceID":0}}