{"RidgeCount":0,"PatternType":2,"FingerprintSpriteName":"00001446_roll_1000_01","CoreCoordinates":[{"x":6.027212619781494,"y":97.2215347290039}],"DeltaCoordinates":[{"x":-160.4594268798828,"y":-16.685749053955079}],"MinutiaeCoordinates":[],"CanUseForCore":true,"CanUseForDelta":true,"DetailsScale":0.24591179192066194,"FingerprintImage":{"instanceID":0}}