{"RidgeCount":0,"PatternType":4,"FingerprintSpriteName":"00001014_roll_1000_04","CoreCoordinates":[{"x":-17.9505615234375,"y":160.0037841796875}],"DeltaCoordinates":[{"x":79.96807861328125,"y":50.4990234375},{"x":-138.0825653076172,"y":10.373364448547364}],"MinutiaeCoordinates":[],"CanUseForCore":true,"CanUseForDelta":true,"DetailsScale":0.20717786252498628,"FingerprintImage":{"instanceID":0}}