{"RidgeCount":0,"PatternType":1,"FingerprintSpriteName":"00001010_roll_1000_08","CoreCoordinates":[{"x":-9.602002143859864,"y":15.22275447845459}],"DeltaCoordinates":[{"x":99.09805297851563,"y":-67.76740264892578}],"MinutiaeCoordinates":[],"CanUseForCore":true,"CanUseForDelta":true,"DetailsScale":0.24386104941368104,"FingerprintImage":{"instanceID":0}}