{"RidgeCount":0,"PatternType":1,"FingerprintSpriteName":"00001011_roll_1000_08","CoreCoordinates":[{"x":82.18865966796875,"y":52.43112564086914}],"DeltaCoordinates":[{"x":235.25909423828126,"y":-92.38957214355469}],"MinutiaeCoordinates":[],"CanUseForCore":true,"CanUseForDelta":true,"DetailsScale":0.3169240653514862,"FingerprintImage":{"instanceID":0}}