{"RidgeCount":0,"PatternType":1,"FingerprintSpriteName":"00001012_roll_1000_06","CoreCoordinates":[{"x":-7.407800197601318,"y":47.2480354309082}],"DeltaCoordinates":[{"x":154.6087188720703,"y":-123.25638580322266}],"MinutiaeCoordinates":[],"CanUseForCore":true,"CanUseForDelta":true,"DetailsScale":0.26527872681617739,"FingerprintImage":{"instanceID":0}}