{"RidgeCount":0,"PatternType":2,"FingerprintSpriteName":"00001445_roll_1000_01","CoreCoordinates":[{"x":23.177112579345704,"y":74.05850982666016}],"DeltaCoordinates":[{"x":-132.9102783203125,"y":-39.198463439941409}],"MinutiaeCoordinates":[],"CanUseForCore":true,"CanUseForDelta":true,"DetailsScale":0.23300039768218995,"FingerprintImage":{"instanceID":0}}