{"RidgeCount":0,"PatternType":4,"FingerprintSpriteName":"00001417_roll_1000_04","CoreCoordinates":[{"x":-43.976234436035159,"y":62.98366928100586}],"DeltaCoordinates":[{"x":-177.42742919921876,"y":-54.49149703979492},{"x":26.443408966064454,"y":-11.752270698547364}],"MinutiaeCoordinates":[],"CanUseForCore":true,"CanUseForDelta":true,"DetailsScale":0.20717786252498628,"FingerprintImage":{"instanceID":0}}