{"RidgeCount":0,"PatternType":16,"FingerprintSpriteName":"00001012_roll_1000_10","CoreCoordinates":[{"x":-17.524877548217775,"y":13.990344047546387},{"x":33.09967041015625,"y":66.19294738769531}],"DeltaCoordinates":[{"x":-66.57726287841797,"y":-58.01494216918945},{"x":164.72984313964845,"y":-92.38838958740235}],"MinutiaeCoordinates":[],"CanUseForCore":true,"CanUseForDelta":true,"DetailsScale":0.23094943165779115,"FingerprintImage":{"instanceID":0}}