{"RidgeCount":0,"PatternType":1,"FingerprintSpriteName":"00001026_roll_1000_08","CoreCoordinates":[{"x":198.87489318847657,"y":132.91403198242188}],"DeltaCoordinates":[{"x":280.6533203125,"y":80.60862731933594}],"MinutiaeCoordinates":[],"CanUseForCore":true,"CanUseForDelta":true,"DetailsScale":0.2686644494533539,"FingerprintImage":{"instanceID":0}}