{"RidgeCount":0,"PatternType":1,"FingerprintSpriteName":"00001015_roll_1000_08","CoreCoordinates":[{"x":-4.48370361328125,"y":138.57925415039063}],"DeltaCoordinates":[{"x":128.4650115966797,"y":76.46687316894531}],"MinutiaeCoordinates":[],"CanUseForCore":true,"CanUseForDelta":true,"DetailsScale":0.22008925676345826,"FingerprintImage":{"instanceID":0}}