{"RidgeCount":0,"PatternType":2,"FingerprintSpriteName":"00001012_roll_1000_01","CoreCoordinates":[{"x":27.46937370300293,"y":-14.051393508911133}],"DeltaCoordinates":[{"x":-191.5008087158203,"y":-253.6027069091797},{"x":-138.76744079589845,"y":-185.0670623779297}],"MinutiaeCoordinates":[],"CanUseForCore":false,"CanUseForDelta":true,"DetailsScale":0.2136334329843521,"FingerprintImage":{"instanceID":0}}