{"RidgeCount":0,"PatternType":2,"FingerprintSpriteName":"00001007_roll_1000_02","CoreCoordinates":[{"x":-19.492687225341798,"y":15.377756118774414}],"DeltaCoordinates":[{"x":-170.72962951660157,"y":-29.153162002563478}],"MinutiaeCoordinates":[],"CanUseForCore":true,"CanUseForDelta":true,"DetailsScale":0.2778068780899048,"FingerprintImage":{"instanceID":0}}