{"RidgeCount":0,"PatternType":8,"FingerprintSpriteName":"00001445_roll_1000_10","CoreCoordinates":[{"x":-117.38752746582031,"y":35.11640548706055}],"DeltaCoordinates":[{"x":-209.57652282714845,"y":-75.96288299560547},{"x":-88.9417953491211,"y":-40.13088607788086}],"MinutiaeCoordinates":[],"CanUseForCore":true,"CanUseForDelta":true,"DetailsScale":0.2265448272228241,"FingerprintImage":{"instanceID":0}}