{"RidgeCount":0,"PatternType":2,"FingerprintSpriteName":"00001011_roll_1000_02","CoreCoordinates":[{"x":44.3172721862793,"y":59.73017501831055}],"DeltaCoordinates":[{"x":-124.10655975341797,"y":-99.78311157226563}],"MinutiaeCoordinates":[],"CanUseForCore":true,"CanUseForDelta":true,"DetailsScale":0.3040129244327545,"FingerprintImage":{"instanceID":0}}