{"RidgeCount":0,"PatternType":1,"FingerprintSpriteName":"00001000_roll_1000_08","CoreCoordinates":[{"x":21.018945693969728,"y":92.28987121582031}],"DeltaCoordinates":[{"x":162.663818359375,"y":-50.759464263916019}],"MinutiaeCoordinates":[],"CanUseForCore":true,"CanUseForDelta":true,"DetailsScale":0.2717345654964447,"FingerprintImage":{"instanceID":0}}