{"RidgeCount":0,"PatternType":8,"FingerprintSpriteName":"00001444_roll_1000_05","CoreCoordinates":[{"x":-72.9905776977539,"y":52.80532455444336}],"DeltaCoordinates":[{"x":-118.7140121459961,"y":-45.595943450927737},{"x":-13.154833793640137,"y":-55.629188537597659}],"MinutiaeCoordinates":[],"CanUseForCore":true,"CanUseForDelta":true,"DetailsScale":0.23300039768218995,"FingerprintImage":{"instanceID":0}}