{"RidgeCount":0,"PatternType":16,"FingerprintSpriteName":"00001003_roll_1000_02","CoreCoordinates":[],"DeltaCoordinates":[{"x":244.1123504638672,"y":-43.9954719543457},{"x":-49.29155349731445,"y":-44.41472244262695}],"MinutiaeCoordinates":[],"CanUseForCore":false,"CanUseForDelta":true,"DetailsScale":0.226192444562912,"FingerprintImage":{"instanceID":0}}