{"RidgeCount":0,"PatternType":4,"FingerprintSpriteName":"00001445_roll_1000_04","CoreCoordinates":[{"x":-123.19832611083985,"y":35.8931770324707}],"DeltaCoordinates":[{"x":-202.33006286621095,"y":-103.607666015625},{"x":-39.35183334350586,"y":-99.10052490234375}],"MinutiaeCoordinates":[],"CanUseForCore":true,"CanUseForDelta":true,"DetailsScale":0.2394562065601349,"FingerprintImage":{"instanceID":0}}