{"RidgeCount":0,"PatternType":8,"FingerprintSpriteName":"00001443_roll_1000_09","CoreCoordinates":[{"x":-21.574951171875,"y":59.0445556640625}],"DeltaCoordinates":[{"x":-70.3375015258789,"y":-16.69843864440918},{"x":81.12353515625,"y":-32.172157287597659}],"MinutiaeCoordinates":[],"CanUseForCore":true,"CanUseForDelta":true,"DetailsScale":0.23570649325847627,"FingerprintImage":{"instanceID":0}}