{"RidgeCount":0,"PatternType":8,"FingerprintSpriteName":"00001445_roll_1000_09","CoreCoordinates":[{"x":-94.39029693603516,"y":81.50260162353516}],"DeltaCoordinates":[{"x":-211.3883514404297,"y":-75.92082977294922},{"x":-48.7712287902832,"y":-59.44808578491211}],"MinutiaeCoordinates":[],"CanUseForCore":true,"CanUseForDelta":true,"DetailsScale":0.26220864057540896,"FingerprintImage":{"instanceID":0}}