{"RidgeCount":0,"PatternType":1,"FingerprintSpriteName":"00001012_roll_1000_08","CoreCoordinates":[{"x":75.74332427978516,"y":82.09832000732422}],"DeltaCoordinates":[{"x":192.02647399902345,"y":-99.3447265625}],"MinutiaeCoordinates":[],"CanUseForCore":true,"CanUseForDelta":true,"DetailsScale":0.2588231861591339,"FingerprintImage":{"instanceID":0}}