{"RidgeCount":0,"PatternType":4,"FingerprintSpriteName":"00001884_roll_1000_07","CoreCoordinates":[{"x":44.65431594848633,"y":121.90921783447266}],"DeltaCoordinates":[{"x":-50.82048034667969,"y":9.061847686767579},{"x":113.8968734741211,"y":10.033303260803223}],"MinutiaeCoordinates":[],"CanUseForCore":false,"CanUseForDelta":true,"DetailsScale":0.2588231861591339,"FingerprintImage":{"instanceID":0}}