{"RidgeCount":0,"PatternType":2,"FingerprintSpriteName":"00001025_roll_1000_03","CoreCoordinates":[{"x":-16.19089126586914,"y":29.247224807739259}],"DeltaCoordinates":[{"x":-140.18017578125,"y":-91.2569351196289}],"MinutiaeCoordinates":[],"CanUseForCore":true,"CanUseForDelta":true,"DetailsScale":0.23366810381412507,"FingerprintImage":{"instanceID":0}}