{"RidgeCount":0,"PatternType":4,"FingerprintSpriteName":"00001020_roll_1000_01","CoreCoordinates":[{"x":-12.928409576416016,"y":-35.4500846862793}],"DeltaCoordinates":[{"x":149.84471130371095,"y":-91.92679595947266},{"x":-152.76840209960938,"y":-169.94790649414063}],"MinutiaeCoordinates":[],"CanUseForCore":true,"CanUseForDelta":true,"DetailsScale":0.2109030783176422,"FingerprintImage":{"instanceID":0}}