{"RidgeCount":1,"PatternType":1,"FingerprintSpriteName":"00001003_roll_1000_09","CoreCoordinates":[{"x":9.78311824798584,"y":42.82441329956055}],"DeltaCoordinates":[{"x":142.0243377685547,"y":-95.06074523925781}],"MinutiaeCoordinates":[],"CanUseForCore":true,"CanUseForDelta":true,"DetailsScale":0.20717786252498628,"FingerprintImage":{"instanceID":0}}