{"RidgeCount":0,"PatternType":16,"FingerprintSpriteName":"00001404_roll_1000_09","CoreCoordinates":[{"x":63.114540100097659,"y":165.2451934814453},{"x":4.733020305633545,"y":89.5982894897461}],"DeltaCoordinates":[{"x":-60.760047912597659,"y":51.491455078125},{"x":208.2696075439453,"y":37.11228561401367}],"MinutiaeCoordinates":[],"CanUseForCore":true,"CanUseForDelta":true,"DetailsScale":0.24451982975006104,"FingerprintImage":{"instanceID":0}}