{"RidgeCount":0,"PatternType":16,"FingerprintSpriteName":"00001011_roll_1000_06","CoreCoordinates":[{"x":97.98050689697266,"y":0.5186767578125},{"x":154.24679565429688,"y":-24.75372314453125}],"DeltaCoordinates":[{"x":-53.0290641784668,"y":-93.33341979980469},{"x":251.9331512451172,"y":-107.9450912475586}],"MinutiaeCoordinates":[],"CanUseForCore":true,"CanUseForDelta":true,"DetailsScale":0.2394562065601349,"FingerprintImage":{"instanceID":0}}