{"RidgeCount":0,"PatternType":1,"FingerprintSpriteName":"00001009_roll_1000_08","CoreCoordinates":[{"x":-60.07246017456055,"y":56.45329666137695}],"DeltaCoordinates":[{"x":49.22943115234375,"y":-56.72185134887695}],"MinutiaeCoordinates":[],"CanUseForCore":true,"CanUseForDelta":true,"DetailsScale":0.26220864057540896,"FingerprintImage":{"instanceID":0}}