{"RidgeCount":0,"PatternType":8,"FingerprintSpriteName":"00001011_roll_1000_03","CoreCoordinates":[{"x":12.23245906829834,"y":67.36201477050781}],"DeltaCoordinates":[{"x":-119.30132293701172,"y":-96.28527069091797},{"x":57.1389045715332,"y":3.222216844558716}],"MinutiaeCoordinates":[],"CanUseForCore":true,"CanUseForDelta":true,"DetailsScale":0.2880314290523529,"FingerprintImage":{"instanceID":0}}