{"RidgeCount":0,"PatternType":2,"FingerprintSpriteName":"00001018_roll_1000_05","CoreCoordinates":[{"x":-92.32267761230469,"y":92.66368865966797}],"DeltaCoordinates":[{"x":-200.7969512939453,"y":-1.7440013885498047}],"MinutiaeCoordinates":[],"CanUseForCore":true,"CanUseForDelta":true,"DetailsScale":0.2557530701160431,"FingerprintImage":{"instanceID":0}}