{"RidgeCount":0,"PatternType":2,"FingerprintSpriteName":"00001458_roll_1000_02","CoreCoordinates":[{"x":-21.13425064086914,"y":-9.645272254943848}],"DeltaCoordinates":[{"x":-66.7304458618164,"y":-49.54014205932617}],"MinutiaeCoordinates":[],"CanUseForCore":true,"CanUseForDelta":true,"DetailsScale":0.2846459746360779,"FingerprintImage":{"instanceID":0}}