{"RidgeCount":0,"PatternType":2,"FingerprintSpriteName":"00001009_roll_1000_05","CoreCoordinates":[{"x":-105.94318389892578,"y":-18.706531524658204}],"DeltaCoordinates":[{"x":-165.90037536621095,"y":-119.91419219970703}],"MinutiaeCoordinates":[],"CanUseForCore":true,"CanUseForDelta":true,"DetailsScale":0.23300039768218995,"FingerprintImage":{"instanceID":0}}